英文,中文,领域,补充说明
deferred prosecution agreement (DPA),暂缓起诉协议,金融犯罪、欺诈与执法,企业缴纳罚款并整改以换取不起诉
corporate criminal offence,企业犯罪,金融犯罪、欺诈与执法,
identification principle,同一性原则,金融犯罪、欺诈与执法,英国法下须证明「指挥意志」有责
senior management liability,高级管理层责任,金融犯罪、欺诈与执法,
consent order,同意令,金融犯罪、欺诈与执法,
proceeds of Crime Act investigation,犯罪所得法调查,金融犯罪、欺诈与执法,
mutual legal assistance (MLA),司法互助,金融犯罪、欺诈与执法,
letters rogatory,司法委托书,金融犯罪、欺诈与执法,
freezing injunction (Mareva),玛瑞瓦禁令,金融犯罪、欺诈与执法,全球资产冻结令
Norwich Pharmacal order,诺里奇药厂令,金融犯罪、欺诈与执法,强制第三方披露信息的命令
section 2 notice,第 2 条通知,金融犯罪、欺诈与执法,SFO 的强制取证权
search warrant,搜查令,金融犯罪、欺诈与执法,
dawn raid,突击搜查,金融犯罪、欺诈与执法,监管或执法机构上门
compelled interview,强制询问,金融犯罪、欺诈与执法,
privilege against self-incrimination,不得自证其罪特权,金融犯罪、欺诈与执法,
legal professional privilege (LPP),法律职业特权,金融犯罪、欺诈与执法,
litigation privilege,诉讼特权,金融犯罪、欺诈与执法,
advice privilege,法律意见特权,金融犯罪、欺诈与执法,
Upjohn warning,厄普约翰警示,金融犯罪、欺诈与执法,公司律师访谈员工前须声明代理的是公司而非员工
conflict of interest,利益冲突,金融犯罪、欺诈与执法,
insider threat,内部威胁,金融犯罪、欺诈与执法,
protected disclosure,受保护的披露,金融犯罪、欺诈与执法,
detriment,不利对待,金融犯罪、欺诈与执法,举报人受保护的核心禁止行为
speak-up channel,举报渠道,金融犯罪、欺诈与执法,
external reporting hotline,外部举报热线,金融犯罪、欺诈与执法,
internal investigation,内部调查,金融犯罪、欺诈与执法,
forensic investigation,取证调查,金融犯罪、欺诈与执法,
e-discovery,电子取证,金融犯罪、欺诈与执法,
preservation notice,证据保全通知,金融犯罪、欺诈与执法,
legal hold,法律留置,金融犯罪、欺诈与执法,禁止删除相关文件
data sampling,数据抽样,金融犯罪、欺诈与执法,
interview under caution,具警示讯问,金融犯罪、欺诈与执法,
disciplinary process,纪律程序,金融犯罪、欺诈与执法,
gross misconduct,严重不当行为,金融犯罪、欺诈与执法,
summary dismissal,即时解雇,金融犯罪、欺诈与执法,
regulatory referral,监管移送,金融犯罪、欺诈与执法,
enforcement action,执法行动,金融犯罪、欺诈与执法,
settlement agreement,和解协议,金融犯罪、欺诈与执法,
disgorgement,吐出违法所得,金融犯罪、欺诈与执法,
lessons learned review,教训总结复盘,金融犯罪、欺诈与执法,
equity,股票 / 权益,金融产品与市场工具,
ordinary share,普通股,金融产品与市场工具,
preference share,优先股,金融产品与市场工具,
bond / fixed income,债券 / 固定收益,金融产品与市场工具,
government bond / gilt,政府债券 / 英国金边债券,金融产品与市场工具,
corporate bond,公司债,金融产品与市场工具,
high-yield bond,高收益债,金融产品与市场工具,俗称垃圾债
investment grade,投资级,金融产品与市场工具,
subordinated debt,次级债,金融产品与市场工具,
convertible bond,可转换债券,金融产品与市场工具,
callable / puttable bond,可赎回 / 可回售债券,金融产品与市场工具,
coupon / yield / duration,票息 / 收益率 / 久期,金融产品与市场工具,
credit spread,信用利差,金融产品与市场工具,
rating agency / credit rating,评级机构 / 信用评级,金融产品与市场工具,
investment bank,投资银行,金融产品与市场工具,
corporate finance,公司金融 / 投行业务,金融产品与市场工具,
M&A advisory,并购顾问,金融产品与市场工具,
leveraged buyout (LBO),杠杆收购,金融产品与市场工具,
private equity,私募股权,金融产品与市场工具,
venture capital,风险投资,金融产品与市场工具,
IPO / secondary offering,首次公开发行 / 增发,金融产品与市场工具,
rights issue,供股,金融产品与市场工具,
bookbuilding,簿记建档,金融产品与市场工具,
roadshow,路演,金融产品与市场工具,
due diligence (DD),尽职调查,金融产品与市场工具,注意：此处指交易尽调，与客户尽调 CDD 不同
data room,数据库房,金融产品与市场工具,交易尽调的资料库
term sheet,条款清单,金融产品与市场工具,交易核心商业条款的摘要
SPA / SHA,股权购买协议 / 股东协议,金融产品与市场工具,
disclosure letter,披露函,金融产品与市场工具,对保证条款的例外披露，界定索赔边界
escrow,托管 / 第三方保管,金融产品与市场工具,
earn-out,业绩对赌,金融产品与市场工具,
completion / closing,交割,金融产品与市场工具,
fund,基金,金融产品与市场工具,
UCITS,可转让证券集合投资计划,金融产品与市场工具,
AIFMD,另类投资基金管理人指令,金融产品与市场工具,
open-ended / closed-ended fund,开放式 / 封闭式基金,金融产品与市场工具,
ETF,交易所交易基金,金融产品与市场工具,
NAV,资产净值,金融产品与市场工具,Net Asset Value
management fee / performance fee,管理费 / 业绩报酬,金融产品与市场工具,
side letter,附属函,金融产品与市场工具,对特定投资者的特别约定
prime broker,主经纪商,金融产品与市场工具,
fund administrator,基金行政管理人,金融产品与市场工具,
depositary,托管人（基金）,金融产品与市场工具,
discretionary management,全权委托管理,金融产品与市场工具,
advisory mandate,投资顾问型授权,金融产品与市场工具,
benchmark / index,基准 / 指数,金融产品与市场工具,
tracking error,跟踪误差,金融产品与市场工具,
asset allocation,资产配置,金融产品与市场工具,
portfolio rebalancing,组合再平衡,金融产品与市场工具,
hedging,对冲,金融产品与市场工具,
long / short position,多头 / 空头头寸,金融产品与市场工具,
short selling,卖空,金融产品与市场工具,英国受 EU 236/2012 及本土规则约束
margin / leverage,保证金 / 杠杆,金融产品与市场工具,
securities financing transaction,证券融资交易,金融产品与市场工具,
sukuk,伊斯兰债券,金融产品与市场工具,
derivative types,衍生品类型,金融产品与市场工具,远期、期货、期权、互换共四大类
option / call / put,期权 / 看涨 / 看跌,金融产品与市场工具,
futures contract,期货合约,金融产品与市场工具,
credit default swap (CDS),信用违约互换,金融产品与市场工具,
collateralised debt obligation (CDO),债务担保证券,金融产品与市场工具,