proliferation financing,扩散融资,反洗钱与客户尽调 AML/KYC,为大规模杀伤性武器扩散提供资金
TF risk assessment,恐怖融资风险评估,反洗钱与客户尽调 AML/KYC,
risk rating,风险评级,反洗钱与客户尽调 AML/KYC,
adverse media / negative news,负面新闻筛查,反洗钱与客户尽调 AML/KYC,
PEP register,政治公众人物名册,反洗钱与客户尽调 AML/KYC,
relationship manager (RM),客户关系经理,反洗钱与客户尽调 AML/KYC,
KYC refresh / remediation,KYC 复检 / 存量整改,反洗钱与客户尽调 AML/KYC,
trigger-based review,事件驱动复检,反洗钱与客户尽调 AML/KYC,
onboarding,开户准入,反洗钱与客户尽调 AML/KYC,
offboarding / exit,销户 / 关系退出,反洗钱与客户尽调 AML/KYC,
financial inclusion,普惠金融,反洗钱与客户尽调 AML/KYC,与去风险化相对的监管关切
transaction monitoring scenario,交易监测场景,反洗钱与客户尽调 AML/KYC,
threshold-based rule,阈值型规则,反洗钱与客户尽调 AML/KYC,
typology coverage,类型学覆盖度,反洗钱与客户尽调 AML/KYC,
alert-to-case conversion rate,警报转案件率,反洗钱与客户尽调 AML/KYC,衡量监测系统效率的核心指标
false positive rate,误报率,反洗钱与客户尽调 AML/KYC,
tuning / optimisation,调优 / 优化,反洗钱与客户尽调 AML/KYC,
sample testing,抽样测试,反洗钱与客户尽调 AML/KYC,
investigative report,调查报告,反洗钱与客户尽调 AML/KYC,
account,账户,核心词与拼读易错,/əˈkaʊnt/
balance,余额,核心词与拼读易错,/ˈbæləns/
debit,借记、借方,核心词与拼读易错,/ˈdebɪt/　英式读 /ˈdebɪt/，重音在第一音节
credit,贷记、贷方,核心词与拼读易错,/ˈkredɪt/
deposit,存款,核心词与拼读易错,/dɪˈpɒzɪt/　重音在第二音节，/ɒ/ 是短元音
withdrawal,取款,核心词与拼读易错,/wɪðˈdrɔːəl/
transaction,交易,核心词与拼读易错,/trænˈzækʃn/
transfer,转账、划转,核心词与拼读易错,/ˈtrænsfɜː/　名词重音在前，动词重音在后
beneficiary,收款人、受益人,核心词与拼读易错,/ˌbenɪˈfɪʃəri/
ledger,总账、分类账,核心词与拼读易错,/ˈledʒə/
margin,利差、保证金,核心词与拼读易错,/ˈmɑːdʒɪn/
fee / charge,手续费、费用,核心词与拼读易错,/fiː/ /tʃɑːdʒ/
interest rate,利率,核心词与拼读易错,/ˈɪntrəst reɪt/
principal,本金,核心词与拼读易错,/ˈprɪnsəpl/
counterparty,交易对手,核心词与拼读易错,/ˈkaʊntəpɑːti/
liquidity,流动性,核心词与拼读易错,/lɪˈkwɪdəti/
capital,资本,核心词与拼读易错,/ˈkæpɪtl/
liability,负债,核心词与拼读易错,/ˌlaɪəˈbɪləti/
asset,资产,核心词与拼读易错,/ˈæset/
portfolio,投资组合,核心词与拼读易错,/pɔːtˈfəʊliəʊ/
on behalf of,代表……,核心词与拼读易错,/ɒn bɪˈhɑːf əv/
in accordance with,依照、根据,核心词与拼读易错,/ɪn əˈkɔːdns wɪð/　合规文书第一高频，务必练到脱口而出
audit,审计、审计工作,核心词与拼读易错,/ˈɔːdɪt/　首音节是长音 /ɔː/（奥），不是 /aʊ/
authority,主管机关、授权,核心词与拼读易错,/ɔːˈθɒrəti/　重音在第二音节；英式首音 /ɔː/
compliance,合规,核心词与拼读易错,/kəmˈplaɪəns/　重音在 -PLI-，因为来自 comply /kəmˈplaɪ/
regulation,法规、条例,核心词与拼读易错,/ˌreɡjuˈleɪʃn/　重音在 -LA-，前两音节全部弱读
regulatory,监管的,核心词与拼读易错,/ˈreɡjələtri/　重音在首音节，与 regulation 位置相反
proportionate,相称的、成比例的,核心词与拼读易错,/prəˈpɔːʃənət/　形容词尾 -ate 弱读成 /ət/，绝不读 /eɪt/
inadequate,不充分的、不适当的,核心词与拼读易错,/ɪnˈædɪkwət/　重音在 -AD-；尾 -ate 同样弱读
material,重大的、实质性的,核心词与拼读易错,/məˈtɪəriəl/　英式读三音节 /məˈtɪə-ri-əl/，重音在第二音节
scrutiny,审查、审视,核心词与拼读易错,/ˈskruːtəni/　首音节 /skruː/ 三辅音连缀；中间弱化成 /tə/
jurisdiction,司法管辖区、管辖,核心词与拼读易错,/ˌdʒʊərɪsˈdɪkʃn/　重音在 -DIC-；首音节 /dʒʊə/ 常被压掉
licence,许可证、牌照（英式名词）,核心词与拼读易错,/ˈlaɪsns/　英式：名词 -ce，动词 license -se，读音相同
practise,执业、从事（英式动词）,核心词与拼读易错,/ˈpræktɪs/　英式：动词 -se，名词 practice -ce
schedule,时间表、排期,核心词与拼读易错,/ˈʃedjuːl/　英式读 /ʃed-/（谢），不是美式 /sked-/
programme,计划、方案（英式拼法）,核心词与拼读易错,/ˈprəʊɡræm/　英式拼 -me 结尾，美式拼 program
cheque,支票（英式拼法）,核心词与拼读易错,/tʃek/　英式仅「支票」义用 cheque，核对义用 check
instalment,分期付款,核心词与拼读易错,/ɪnˈstɔːlmənt/　英式单 l；a 读 /ɔː/
judgement,判断、判决,核心词与拼读易错,/ˈdʒʌdʒmənt/　法律文本保留 e；其他语境用 judgment
defence,抗辩、辩护（英式拼法）,核心词与拼读易错,/dɪˈfens/　英式 -ce，美式 defense；同族 defend 读 /dɪˈfend/
endeavour,尽力、努力,核心词与拼读易错,/ɪnˈdevə/　英式 -our；best 与 reasonable endeavours 法律强度不同
organisation,组织、机构,核心词与拼读易错,/ˌɔːɡənaɪˈzeɪʃn/　第三音节是 /naɪ/；英式 -isation 拼法
escalate,上报、升级处理,核心词与拼读易错,/ˈeskəleɪt/　重音在首音节；动词尾读 /eɪt/
mitigate,减轻、缓解,核心词与拼读易错,/ˈmɪtɪɡeɪt/　重音在首音节；名词 mitigation 同
corroborate,佐证、印证,核心词与拼读易错,/kəˈrɒbəreɪt/　双 r 拼写；重音在 -ROB-
straightforward,直接的、简单的,核心词与拼读易错,/ˌstreɪtˈfɔːwəd/　两个 t 相连只发一个音
underlying,底层的、潜在的,核心词与拼读易错,/ˌʌndəˈlaɪɪŋ/　/aɪ/ 与 /ɪ/ 直接相接，中间没有 /n/
adverse,不利的、负面的,核心词与拼读易错,/ˈædvɜːs/　重音在首音节，不是 /ədˈvɜːs/
legitimate,合法的、正当的,核心词与拼读易错,/lɪˈdʒɪtɪmət/　重音在第二音节；尾 -ate 弱读
evidence,证据；（动词）证明,核心词与拼读易错,/ˈevɪdens/　名词动词同音同重音，靠句子位置判断
enquiry,询问、查询（英式拼法）,核心词与拼读易错,/ɪnˈkwaɪəri/　英式通用 enquiry；正式调查用 inquiry，同音
sanctions regime,制裁制度,制裁与出口管制,
designated person / entity,被列名个人 / 实体,制裁与出口管制,
asset freeze,资产冻结,制裁与出口管制,制裁中最高频的即时义务
OFAC,美国财政部海外资产控制办公室,制裁与出口管制,
SDN List,特别指定国民名单,制裁与出口管制,美国 OFAC 的核心制裁名单
50% Rule,50% 规则,制裁与出口管制,被制裁方直接或间接持股过半即视为受制裁
OFSI,英国金融制裁执行办公室,制裁与出口管制,Office of Financial Sanctions Implementation
EU sanctions,欧盟制裁,制裁与出口管制,
secondary sanctions,次级制裁,制裁与出口管制,美国对非美国主体的域外制裁
sectoral sanctions,行业制裁,制裁与出口管制,针对特定行业而非全面禁运
comprehensive sanctions,全面制裁,制裁与出口管制,
circumvention / evasion,规避 / 逃避,制裁与出口管制,
screening list,筛查名单,制裁与出口管制,
fuzzy matching,模糊匹配,制裁与出口管制,允许拼写差异的筛查算法
false positive,误报,制裁与出口管制,
true match,真实命中,制裁与出口管制,
potential match,潜在命中,制裁与出口管制,
name / transaction / payment screening,名单 / 交易 / 支付筛查,制裁与出口管制,
licence (UK) / license (US),许可,制裁与出口管制,注意英式拼写 licence 是名词
derogation / exemption,例外许可 / 豁免,制裁与出口管制,
blocked transaction,被冻结交易,制裁与出口管制,
rejected payment,被拒付的款项,制裁与出口管制,
export control,出口管制,制裁与出口管制,
dual-use goods,两用物项,制裁与出口管制,民用与军用皆可
military end-user,军事最终用户,制裁与出口管制,
end-use,最终用途,制裁与出口管制,
ECCN (Export Control Classification Number),出口管制分类编码,制裁与出口管制,
embargo,禁运,制裁与出口管制,
freeze and report,冻结并上报,制裁与出口管制,
vessel screening,船舶筛查,制裁与出口管制,