学习日,词表行号,英文,中文,领域,补充说明,当日学习次序,首次学习时间,复习次数,判过Easy次数,卡片状态,当前间隔(天),下次到期(天序号)
Day-01,1,nostro account,往账账户,银行业与国际金融市场,我行在他行开立的账户,1,2026-10-02 15:21,2,1,复习中,5,6
Day-01,2,vostro account,来账账户,银行业与国际金融市场,他行在我行开立的账户,2,2026-10-02 15:22,2,1,复习中,6,7
Day-01,3,correspondent banking,代理行业务,银行业与国际金融市场,跨境汇款的关键通道，反洗钱高风险领域,3,2026-10-02 15:22,2,1,复习中,4,5
Day-01,4,remittance,汇款,银行业与国际金融市场,,4,2026-10-02 15:22,2,0,复习中,2,3
Day-01,5,letter of credit (L/C),信用证,银行业与国际金融市场,,5,2026-10-02 15:22,2,1,复习中,5,6
Day-01,6,trade finance,贸易融资,银行业与国际金融市场,,6,2026-10-02 15:22,2,1,复习中,6,7
Day-01,7,syndicated loan,银团贷款,银行业与国际金融市场,,7,2026-10-02 15:22,2,1,复习中,6,7
Day-01,8,underwriting,承销 / 包销,银行业与国际金融市场,,8,2026-10-02 15:22,2,0,复习中,3,4
Day-01,9,custody,资产托管,银行业与国际金融市场,,9,2026-10-02 15:22,2,1,复习中,5,6
Day-01,10,custodian,托管人,银行业与国际金融市场,,10,2026-10-02 15:22,2,0,复习中,2,3
Day-01,11,derivative,衍生品,银行业与国际金融市场,,11,2026-10-02 15:22,2,1,复习中,4,5
Day-01,12,interest rate swap (IRS),利率互换,银行业与国际金融市场,,12,2026-10-02 15:22,2,1,复习中,6,7
Day-01,13,FX spot / forward / swap,即期 / 远期 / 掉期外汇,银行业与国际金融市场,,13,2026-10-02 15:22,2,1,复习中,4,5
Day-01,14,settlement,结算、交割,银行业与国际金融市场,,14,2026-10-02 15:22,2,1,复习中,5,6
Day-01,15,clearing,清算,银行业与国际金融市场,,15,2026-10-02 15:22,3,1,复习中,5,6
Day-01,16,clearing house,清算所,银行业与国际金融市场,,16,2026-10-02 15:22,2,1,复习中,5,6
Day-01,17,collateral,担保物、抵押品,银行业与国际金融市场,,17,2026-10-02 15:22,2,1,复习中,4,5
Day-01,18,haircut,折扣率、估值减值,银行业与国际金融市场,,18,2026-10-02 15:22,2,1,复习中,6,7
Day-01,19,margin call,追加保证金通知,银行业与国际金融市场,,19,2026-10-02 15:22,2,1,复习中,6,7
Day-01,20,leverage ratio,杠杆率,银行业与国际金融市场,不依赖风险权重的资本底线指标,20,2026-10-02 15:22,2,1,复习中,4,5
Day-01,21,capital adequacy,资本充足,银行业与国际金融市场,,21,2026-10-02 15:22,2,1,复习中,5,6
Day-01,22,Basel III,巴塞尔协议 III,银行业与国际金融市场,,22,2026-10-02 15:22,2,1,复习中,5,6
Day-01,23,CET1 (Common Equity Tier 1),核心一级资本,银行业与国际金融市场,,23,2026-10-02 15:22,2,1,复习中,5,6
Day-01,24,risk-weighted assets (RWA),风险加权资产,银行业与国际金融市场,,24,2026-10-02 15:22,2,1,复习中,4,5
Day-01,25,liquidity coverage ratio (LCR),流动性覆盖率,银行业与国际金融市场,优质流动性资产 / 30 天净流出,25,2026-10-02 15:22,2,1,复习中,5,6
Day-01,26,net stable funding ratio (NSFR),净稳定资金比率,银行业与国际金融市场,一年期结构性流动性指标,26,2026-10-02 15:22,2,0,复习中,4,5
Day-01,27,ICAAP / ILAAP,内部资本 / 流动性充足评估,银行业与国际金融市场,,27,2026-10-02 15:22,2,1,复习中,6,7
Day-01,28,stress testing,压力测试,银行业与国际金融市场,,28,2026-10-02 15:22,2,1,复习中,5,6
Day-01,29,balance sheet,资产负债表,银行业与国际金融市场,,29,2026-10-02 15:22,2,1,复习中,5,6
Day-01,30,provisioning,计提拨备,银行业与国际金融市场,,30,2026-10-02 15:23,2,1,复习中,6,7
Day-01,31,impairment,减值,银行业与国际金融市场,,31,2026-10-02 15:23,2,1,复习中,4,5
Day-01,32,non-performing loan (NPL),不良贷款,银行业与国际金融市场,,32,2026-10-02 15:23,2,1,复习中,5,6
Day-01,33,exposure,风险敞口,银行业与国际金融市场,,33,2026-10-02 15:23,2,1,复习中,4,5
Day-01,34,counterparty / counterparty risk,交易对手 / 交易对手风险,银行业与国际金融市场,,34,2026-10-02 15:23,2,1,复习中,4,5
Day-01,35,fiduciary duty,受托责任,银行业与国际金融市场,,35,2026-10-02 15:23,3,0,复习中,1,2
Day-01,36,mandate,委托、授权,银行业与国际金融市场,客户给出的投资授权范围,36,2026-10-02 15:23,3,0,复习中,1,2
Day-01,37,prospectus,招股说明书,银行业与国际金融市场,,37,2026-10-02 15:23,3,0,复习中,1,2
Day-01,38,ISDA Master Agreement,国际掉期与衍生工具主协议,银行业与国际金融市场,,38,2026-10-02 15:23,2,1,复习中,5,6
Day-01,39,SWIFT MT103 / MT202,客户汇款 / 行间头寸调拨报文,银行业与国际金融市场,,39,2026-10-02 15:23,2,1,复习中,4,5
Day-01,40,IBAN / BIC,国际银行账号 / 银行识别码,银行业与国际金融市场,,40,2026-10-02 15:23,2,1,复习中,6,7
Day-01,41,CHAPS,英国大额英镑实时清算系统,银行业与国际金融市场,Clearing House Automated Payment System，同日到账,41,2026-10-02 15:23,2,1,复习中,6,7
Day-01,42,BACS,英国批量自动清算系统,银行业与国际金融市场,Bacs Credit / Bacs Direct Debit，通常 3 个工作日,42,2026-10-02 15:23,2,1,复习中,4,5
Day-01,43,Faster Payments,英国快速支付系统,银行业与国际金融市场,小额英镑实时到账，7×24 小时,43,2026-10-02 15:23,2,1,复习中,6,7
Day-01,44,SEPA,单一欧元支付区,银行业与国际金融市场,Single Euro Payments Area,44,2026-10-02 15:23,4,1,复习中,4,5
Day-01,45,open banking,开放银行,银行业与国际金融市场,英国是这一制度的发源地，由 CMA 强制推行,45,2026-10-02 15:23,2,1,复习中,5,6
Day-01,46,PSD2,支付服务指令二,银行业与国际金融市场,,46,2026-10-02 15:23,2,1,复习中,6,7
Day-01,47,e-money institution (EMI),电子货币机构,银行业与国际金融市场,,47,2026-10-02 15:23,2,1,复习中,6,7
Day-01,48,onboarding / offboarding,客户准入 / 客户退出,银行业与国际金融市场,,48,2026-10-02 15:23,2,1,复习中,6,7
Day-01,49,KYC refresh,客户尽调定期更新,银行业与国际金融市场,,49,2026-10-02 15:23,2,1,复习中,6,7
Day-01,50,de-risking,去风险化（退出高风险客户）,银行业与国际金融市场,整类退出某客户群，监管机构普遍不鼓励,50,2026-10-02 15:23,3,0,复习中,1,2
Day-01,51,ring-fencing,业务隔离（零售与投行分离）,银行业与国际金融市场,,51,2026-10-02 18:58,3,0,复习中,2,3
Day-01,52,resolution / bail-in,处置 / 内部纾困,银行业与国际金融市场,,52,2026-10-02 19:01,5,0,复习中,1,2
Day-01,53,securitisation,证券化,银行业与国际金融市场,,53,2026-10-02 19:03,3,1,复习中,5,6
Day-01,54,repo (repurchase agreement),回购,银行业与国际金融市场,,54,2026-10-02 19:59,3,1,复习中,5,6
Day-01,55,reverse repo,逆回购,银行业与国际金融市场,,55,2026-10-02 19:59,3,1,复习中,6,7
Day-01,56,netting,净额结算,银行业与国际金融市场,,56,2026-10-02 19:59,2,1,复习中,6,7
Day-01,57,sub-participation,分参与,银行业与国际金融市场,不改变与原债务人的法律关系,57,2026-10-02 20:23,3,0,复习中,2,3
Day-01,58,facility / drawdown,授信额度 / 提款,银行业与国际金融市场,,58,2026-10-02 20:29,5,0,复习中,4,5
Day-01,59,covenant,契约条款（贷款合同中的承诺）,银行业与国际金融市场,,59,2026-10-02 20:29,10,0,复习中,1,2
Day-01,60,payment rail,支付通道,银行业与国际金融市场,,60,2026-10-02 20:30,3,1,复习中,4,5
Day-01,61,instant payment,即时支付,银行业与国际金融市场,,61,2026-10-02 20:31,2,0,复习中,3,4
Day-01,62,RTGS (real-time gross settlement),实时全额清算系统,银行业与国际金融市场,,62,2026-10-02 20:31,3,1,复习中,4,5
Day-01,63,ISO 20022,国际支付报文标准（MX 报文）,银行业与国际金融市场,结构化报文的全球统一格式，取代传统 SWIFT MT,63,2026-10-02 20:31,2,1,复习中,4,5
Day-01,64,SWIFT gpi,全球支付创新（可追踪跨境汇款）,银行业与国际金融市场,Global Payments Innovation，提供汇款全程追踪,64,2026-10-02 20:31,2,1,复习中,5,6
Day-01,65,standing settlement instruction (SSI),标准结算指令,银行业与国际金融市场,,65,2026-10-02 20:32,3,0,复习中,2,3
Day-01,66,trade date / value date,交易日 / 起息日,银行业与国际金融市场,,66,2026-10-02 20:33,2,1,复习中,5,6
Day-01,67,T+2,交易后第二个工作日交收,银行业与国际金融市场,,67,2026-10-02 20:33,2,1,复习中,6,7
Day-01,68,payment versus payment (PvP),付款交割同步,银行业与国际金融市场,外汇结算的经典风险缓释安排,68,2026-10-02 20:36,2,1,复习中,5,6
Day-01,69,delivery versus payment (DvP),券款对付,银行业与国际金融市场,,69,2026-10-02 20:37,2,1,复习中,6,7
Day-01,70,free of payment (FoP),纯券过户（不带资金交收）,银行业与国际金融市场,,70,2026-10-02 20:37,2,1,复习中,4,5
Day-01,71,settlement risk,结算风险,银行业与国际金融市场,,71,2026-10-02 20:37,3,1,复习中,4,5
Day-01,72,Herstatt risk,赫斯塔特风险,银行业与国际金融市场,跨时区结算导致的一方已付、一方未付风险,72,2026-10-02 20:37,2,1,复习中,4,5
Day-01,73,novation,债务更替,银行业与国际金融市场,把一方权利义务整体替换为第三方,73,2026-10-02 20:38,10,0,复习中,1,2
Day-01,74,assignment,债权转让,银行业与国际金融市场,与 novation 的区别是原方仍可能保留义务,74,2026-10-02 20:38,3,0,复习中,1,2
Day-01,75,revolving credit facility (RCF),循环信贷额度,银行业与国际金融市场,,75,2026-10-02 20:39,2,1,复习中,6,7
Day-01,76,term loan,定期贷款,银行业与国际金融市场,,76,2026-10-02 20:39,5,0,复习中,1,2
Day-01,77,bridge loan,过桥贷款,银行业与国际金融市场,,77,2026-10-02 20:39,2,1,复习中,4,5
Day-01,78,project finance,项目融资,银行业与国际金融市场,,78,2026-10-02 20:39,2,1,复习中,5,6
Day-01,79,structured finance,结构融资,银行业与国际金融市场,,79,2026-10-02 20:39,2,1,复习中,4,5
Day-01,80,asset-backed securities (ABS),资产支持证券,银行业与国际金融市场,,80,2026-10-02 20:39,2,1,复习中,4,5
Day-01,81,covered bond,担保债券,银行业与国际金融市场,,81,2026-10-02 20:39,2,0,复习中,4,5
Day-01,82,senior / subordinated debt,优先债 / 次级债,银行业与国际金融市场,,82,2026-10-02 20:40,3,1,复习中,5,6
Day-01,83,event of default (EOD),违约事件,银行业与国际金融市场,,83,2026-10-02 20:40,2,1,复习中,5,6
Day-01,84,financial covenant,财务承诺条款,银行业与国际金融市场,如杠杆率、利息覆盖倍数,84,2026-10-02 20:40,6,0,复习中,1,2
Day-01,85,forbearance,宽容处理、暂缓执行,银行业与国际金融市场,,85,2026-10-02 20:43,3,0,复习中,2,3
Day-01,86,work-out / restructuring,债务重组、不良化解,银行业与国际金融市场,,86,2026-10-02 20:44,2,1,复习中,4,5
Day-01,87,expected credit loss (ECL),预期信用损失,银行业与国际金融市场,减值计提的三阶段模型,87,2026-10-02 20:44,2,1,复习中,5,6
Day-01,88,IFRS 9,国际财务报告准则第 9 号,银行业与国际金融市场,决定减值三阶段划分,88,2026-10-02 20:44,2,1,复习中,4,5
Day-01,89,risk appetite statement (RAS),风险偏好声明,银行业与国际金融市场,,89,2026-10-02 20:44,2,1,复习中,4,5
Day-01,90,ALM (asset-liability management),资产负债管理,银行业与国际金融市场,,90,2026-10-02 20:44,2,1,复习中,4,5
Day-01,91,net interest income (NII),净利息收入,银行业与国际金融市场,,91,2026-10-02 20:44,2,1,复习中,5,6
Day-01,92,cost-income ratio,成本收入比,银行业与国际金融市场,,92,2026-10-02 20:45,2,1,复习中,6,7
Day-01,93,return on equity (RoE),净资产收益率,银行业与国际金融市场,,93,2026-10-02 20:45,2,1,复习中,4,5
Day-01,94,RAROC,风险调整后资本回报率,银行业与国际金融市场,,94,2026-10-02 20:45,2,1,复习中,4,5
Day-01,95,wholesale funding,批发融资,银行业与国际金融市场,,95,2026-10-02 20:45,2,1,复习中,5,6
Day-01,96,deposit franchise,存款基础,银行业与国际金融市场,,96,2026-10-02 20:47,3,0,复习中,1,2
Day-01,97,true sale,真实出售,银行业与国际金融市场,证券化中资产是否真正出表的关键判断,97,2026-10-02 20:47,2,1,复习中,4,5
Day-01,98,SPV (special purpose vehicle),特殊目的载体,银行业与国际金融市场,,98,2026-10-02 20:47,2,1,复习中,6,7
Day-01,99,banking book / trading book,银行账簿 / 交易账簿,银行业与国际金融市场,,99,2026-10-02 20:47,2,1,复习中,4,5
Day-01,100,mark-to-market,按市值计价,银行业与国际金融市场,,100,2026-10-02 20:47,2,1,复习中,4,5
Day-02,101,fair value,公允价值,银行业与国际金融市场,,2,2026-10-03 20:36,2,1,复习中,2,3
Day-02,102,initial margin / variation margin,初始保证金 / 变动保证金,银行业与国际金融市场,,3,2026-10-03 20:37,2,1,复习中,4,5
Day-02,103,central counterparty (CCP),中央对手方,银行业与国际金融市场,,4,2026-10-03 20:38,2,0,复习中,1,2
Day-02,104,reconciliation,对账,银行业与国际金融市场,,5,2026-10-03 20:39,6,0,复习中,1,2
Day-02,105,nostro break,往账差异,银行业与国际金融市场,,6,2026-10-03 20:39,4,0,复习中,1,2
Day-02,106,suspense account,暂记账户,银行业与国际金融市场,款项归属不明时暂时挂账,7,2026-10-03 20:40,4,0,复习中,1,2
Day-02,107,dormant account,休眠账户,银行业与国际金融市场,,8,2026-10-03 20:41,7,0,复习中,1,2
Day-02,108,legal entity identifier (LEI),法人机构识别编码,银行业与国际金融市场,,9,2026-10-03 20:42,3,0,复习中,1,2
Day-02,109,cash pooling,现金池,银行业与国际金融市场,集团资金归集安排,10,2026-10-03 20:43,1,1,复习中,3,4
Day-02,110,securities lending,证券借贷,银行业与国际金融市场,,11,2026-10-03 20:43,1,1,复习中,3,4
Day-02,111,sub-custody,次托管,银行业与国际金融市场,,12,2026-10-03 20:44,1,1,复习中,3,4
Day-02,112,corporate actions,公司行为,银行业与国际金融市场,分红、配股、股东大会等,13,2026-10-03 20:45,1,1,复习中,5,6
Day-02,113,margin lending,保证金贷款,银行业与国际金融市场,,14,2026-10-03 20:47,1,1,复习中,2,3
Day-02,114,structured product,结构性产品,银行业与国际金融市场,零售分销适格性是监管关注重点,15,2026-10-03 20:47,1,1,复习中,2,3
Day-02,115,payment system,支付系统,银行业与国际金融市场,,16,2026-10-03 20:48,1,1,复习中,2,3
Day-02,116,RTGS,实时全额结算系统,银行业与国际金融市场,Real-Time Gross Settlement，英国 CHAPS 即属此类,17,2026-10-03 20:49,1,1,复习中,3,4
Day-02,117,Fedwire,美联储资金转账系统,银行业与国际金融市场,,18,2026-10-03 20:50,1,1,复习中,2,3
Day-02,118,TARGET2,欧洲央行实时清算系统,银行业与国际金融市场,,19,2026-10-03 20:51,1,1,复习中,2,3
Day-02,119,ACH,自动清算所,银行业与国际金融市场,Automated Clearing House，美国批量支付网络,20,2026-10-03 20:51,1,1,复习中,4,5
Day-02,120,pacs.008,客户贷记转账报文,银行业与国际金融市场,ISO 20022 中最核心的支付报文,21,2026-10-03 20:57,1,1,复习中,4,5
Day-02,121,camt.053,账户对账单报文,银行业与国际金融市场,,22,2026-10-03 20:57,1,1,复习中,3,4
Day-02,122,SWIFT MT103,客户汇款报文,银行业与国际金融市场,传统跨境汇款主报文,23,2026-10-03 20:57,1,1,复习中,2,3
Day-02,123,UETR,唯一端到端交易参考号,银行业与国际金融市场,Unique End-to-End Transaction Reference，gpi 追踪用,24,2026-10-03 20:58,1,1,复习中,2,3
Day-02,124,correspondent bank,代理行,银行业与国际金融市场,,25,2026-10-03 20:59,3,0,复习中,1,2
Day-02,125,intermediary bank,中间行,银行业与国际金融市场,转汇链条中的中转机构,26,2026-10-03 21:00,1,1,复习中,3,4
Day-02,126,beneficiary bank,收款人银行,银行业与国际金融市场,,27,2026-10-03 21:02,3,1,复习中,2,3
Day-02,127,IBAN,国际银行账号,银行业与国际金融市场,,28,2026-10-03 21:03,1,1,复习中,3,4
Day-02,128,BIC / SWIFT code,银行识别码,银行业与国际金融市场,,29,2026-10-03 21:03,1,1,复习中,2,3
Day-02,129,sort code,英国银行分行代码,银行业与国际金融市场,六位数字，如 20-00-00,30,2026-10-03 21:03,1,1,复习中,2,3
Day-02,130,national clearing code,国家清算代码,银行业与国际金融市场,各国本地清算行号的统称,31,2026-10-03 21:04,1,1,复习中,3,4
Day-02,131,payer / payee,付款人 / 收款人,银行业与国际金融市场,重音均在第二音节；英式 payee 与 payer 重音一致,32,2026-10-03 21:04,1,1,复习中,2,3
Day-02,132,payment instruction,支付指令,银行业与国际金融市场,,33,2026-10-03 21:04,3,0,复习中,1,2
Day-02,133,remittance information,汇款附言,银行业与国际金融市场,反洗钱筛查的重点字段，需留意结构化拆分,34,2026-10-03 21:05,6,1,复习中,3,4
Day-02,134,straight-through processing (STP),直通式处理,银行业与国际金融市场,无需人工干预的自动处理,35,2026-10-03 21:06,1,1,复习中,3,4
Day-02,135,repair queue,待修复队列,银行业与国际金融市场,报文要素不全被挂起的处理流水线,36,2026-10-03 21:07,2,1,复习中,2,3
Day-02,136,recall / cancellation,召回 / 撤销,银行业与国际金融市场,支付的追溯处理机制,37,2026-10-03 21:07,1,1,复习中,2,3
Day-02,137,money market,货币市场,银行业与国际金融市场,,38,2026-10-03 21:11,1,1,复习中,3,4
Day-02,138,SONIA,英镑隔夜指数平均利率,银行业与国际金融市场,Sterling Overnight Index Average，英国无风险利率基准,39,2026-10-03 21:14,1,1,复习中,2,3
Day-02,139,SOFR,有担保隔夜融资利率,银行业与国际金融市场,Secured Overnight Financing Rate，美元基准,40,2026-10-03 21:17,2,1,复习中,2,3
Day-02,140,€STR,欧元短期利率,银行业与国际金融市场,,41,2026-10-03 21:18,1,1,复习中,2,3
Day-02,141,RFR,无风险利率,银行业与国际金融市场,Risk-Free Rate，LIBOR 退场后的替代基准,42,2026-10-03 21:19,1,1,复习中,3,4
Day-02,142,term rate,期限利率,银行业与国际金融市场,由隔夜利率推导出的前瞻性期限基准,43,2026-10-03 21:19,3,1,复习中,2,3
Day-02,143,compounded rate,复利利率,银行业与国际金融市场,隔夜利率回溯复利计算法,44,2026-10-03 21:20,2,1,复习中,2,3
Day-02,144,basis point (bp),基点,银行业与国际金融市场,万分之一，100bp = 1%,45,2026-10-03 21:20,1,1,复习中,2,3
Day-02,145,yield curve,收益率曲线,银行业与国际金融市场,,46,2026-10-03 21:20,1,1,复习中,2,3
Day-02,146,HQLA,优质流动性资产,银行业与国际金融市场,High-Quality Liquid Assets,47,2026-10-03 21:21,1,1,复习中,2,3
Day-02,147,liquidity buffer,流动性缓冲,银行业与国际金融市场,,48,2026-10-03 21:25,1,1,复习中,2,3
Day-02,148,deposit runoff,存款流失,银行业与国际金融市场,压力测试中的核心假设之一,49,2026-10-03 21:25,1,1,复习中,2,3
Day-02,149,deposit insurance,存款保险,银行业与国际金融市场,"英国 FSCS 保障上限为每人每机构 85,000 英镑",50,2026-10-03 21:25,1,1,复习中,4,5
Day-02,150,CET1 ratio,核心一级资本充足率,银行业与国际金融市场,Common Equity Tier 1,51,2026-10-03 21:26,1,1,复习中,2,3
Day-02,151,Tier 1 / Tier 2 capital,一级 / 二级资本,银行业与国际金融市场,,52,2026-10-03 21:26,1,1,复习中,3,4
Day-02,152,MREL,最低自有资金与合格负债要求,银行业与国际金融市场,欧盟/英国版 TLAC,53,2026-10-03 21:26,1,1,复习中,3,4
Day-02,153,TLAC,总损失吸收能力,银行业与国际金融市场,Total Loss-Absorbing Capacity,54,2026-10-03 21:27,1,1,复习中,3,4
Day-02,154,Pillar 1 / 2 / 3,第一 / 二 / 三支柱,银行业与国际金融市场,最低资本要求 / 监管审查 / 市场约束,55,2026-10-03 21:27,1,1,复习中,3,4
Day-02,155,ICAAP,内部资本充足评估程序,银行业与国际金融市场,银行自评估资本充足性的年度作业,56,2026-10-03 21:28,1,1,复习中,2,3
Day-02,156,ILAAP,内部流动性充足评估程序,银行业与国际金融市场,,57,2026-10-03 21:28,1,1,复习中,2,3
Day-02,157,capital planning buffer,资本规划缓冲,银行业与国际金融市场,,58,2026-10-03 21:28,1,1,复习中,4,5
Day-02,158,recovery plan,恢复计划,银行业与国际金融市场,危机自救方案,59,2026-10-03 21:33,1,1,复习中,2,3
Day-02,159,resolution plan,处置计划,银行业与国际金融市场,有序倒闭方案,60,2026-10-03 22:59,1,1,复习中,3,4
Day-02,160,living will,生前遗嘱,银行业与国际金融市场,处置计划的通俗说法,61,2026-10-03 22:59,1,1,复习中,3,4
Day-02,161,repo / reverse repo,回购 / 逆回购,银行业与国际金融市场,回购是融资，逆回购是融出资金,62,2026-10-03 23:00,1,1,复习中,2,3
Day-02,162,prime brokerage,主经纪商业务,银行业与国际金融市场,,63,2026-10-03 23:01,2,1,复习中,3,4
Day-02,163,special purpose vehicle (SPV),特殊目的实体,银行业与国际金融市场,,64,2026-10-03 23:01,1,1,复习中,3,4
Day-02,164,set-off,抵销,银行业与国际金融市场,,65,2026-10-03 23:01,5,0,复习中,1,2
Day-02,165,close-out netting,终止净额结算,银行业与国际金融市场,ISDA 主协议的核心机制,66,2026-10-03 23:02,2,0,复习中,1,2
Day-02,166,wholesale banking,批发银行,银行业与国际金融市场,,67,2026-10-03 23:02,1,1,复习中,3,4
Day-02,167,retail banking,零售银行,银行业与国际金融市场,,68,2026-10-03 23:02,1,1,复习中,3,4
Day-02,168,private banking,私人银行,银行业与国际金融市场,,69,2026-10-03 23:02,1,1,复习中,3,4
Day-02,169,wealth management,财富管理,银行业与国际金融市场,,70,2026-10-03 23:02,1,1,复习中,2,3
Day-02,170,corporate banking,对公业务,银行业与国际金融市场,,71,2026-10-03 23:02,1,1,复习中,2,3
Day-02,171,treasury,资金部 / 司库,银行业与国际金融市场,,72,2026-10-03 23:03,1,1,复习中,2,3
Day-02,172,ALM,资产负债管理,银行业与国际金融市场,Asset-Liability Management,73,2026-10-03 23:03,1,1,复习中,2,3
Day-02,173,nostro reconciliation,往账对账,银行业与国际金融市场,,74,2026-10-03 23:04,1,1,复习中,3,4
Day-02,174,anti-money laundering (AML),反洗钱,反洗钱与客户尽调 AML/KYC,,75,2026-10-03 23:04,1,1,复习中,2,3
Day-02,175,counter-terrorist financing (CTF),反恐融资,反洗钱与客户尽调 AML/KYC,,76,2026-10-03 23:04,1,1,复习中,4,5
Day-02,176,money laundering (ML),洗钱,反洗钱与客户尽调 AML/KYC,,77,2026-10-03 23:04,1,1,复习中,2,3
Day-02,177,terrorist financing (TF),恐怖融资,反洗钱与客户尽调 AML/KYC,,78,2026-10-03 23:05,1,1,复习中,3,4
Day-02,178,financial crime,金融犯罪,反洗钱与客户尽调 AML/KYC,银行内部通常用这个词统称 AML、制裁、欺诈、贿赂,79,2026-10-03 23:05,1,1,复习中,2,3
Day-02,179,financial crime compliance (FCC),金融犯罪合规,反洗钱与客户尽调 AML/KYC,,80,2026-10-03 23:06,1,1,复习中,2,3
Day-02,180,predicate offence,上游犯罪,反洗钱与客户尽调 AML/KYC,,81,2026-10-03 23:08,2,1,复习中,2,3
Day-02,181,placement / layering / integration,处置 / 离析 / 整合（洗钱三阶段）,反洗钱与客户尽调 AML/KYC,,82,2026-10-03 23:09,2,0,复习中,1,2
Day-02,182,Know Your Customer (KYC),客户身份识别,反洗钱与客户尽调 AML/KYC,,83,2026-10-03 23:10,1,1,复习中,3,4
Day-02,183,Customer Due Diligence (CDD),客户尽职调查,反洗钱与客户尽调 AML/KYC,,84,2026-10-03 23:10,1,1,复习中,2,3
Day-02,184,Enhanced Due Diligence (EDD),强化尽职调查,反洗钱与客户尽调 AML/KYC,,85,2026-10-03 23:10,1,1,复习中,3,4
Day-02,185,Simplified Due Diligence (SDD),简化尽职调查,反洗钱与客户尽调 AML/KYC,,86,2026-10-03 23:10,1,1,复习中,3,4
Day-02,186,ongoing monitoring,持续监测,反洗钱与客户尽调 AML/KYC,,87,2026-10-03 23:11,1,1,复习中,3,4
Day-02,187,Ultimate Beneficial Owner (UBO),最终受益人,反洗钱与客户尽调 AML/KYC,,88,2026-10-03 23:12,2,0,复习中,1,2
Day-02,188,beneficial ownership,受益所有权,反洗钱与客户尽调 AML/KYC,,89,2026-10-03 23:12,1,1,复习中,2,3
Day-02,189,Politically Exposed Person (PEP),政治公众人物,反洗钱与客户尽调 AML/KYC,,90,2026-10-03 23:12,1,1,复习中,2,3
Day-02,190,source of funds (SOF),资金来源,反洗钱与客户尽调 AML/KYC,这笔钱从哪来,91,2026-10-03 23:13,1,1,复习中,2,3
Day-02,191,source of wealth (SOW),财富来源,反洗钱与客户尽调 AML/KYC,这个人的全部身家怎么来的,92,2026-10-03 23:13,1,1,复习中,3,4
Day-02,192,adverse media,负面舆情筛查,反洗钱与客户尽调 AML/KYC,,93,2026-10-03 23:13,1,1,复习中,2,3
Day-02,193,sanctions screening,制裁筛查,反洗钱与客户尽调 AML/KYC,,94,2026-10-03 23:13,1,1,复习中,3,4
Day-02,194,suspicious activity report (SAR),可疑活动报告（AML 语境）,反洗钱与客户尽调 AML/KYC,英国向 NCA 提交；同缩写也指数据主体访问请求,95,2026-10-03 23:14,1,1,复习中,2,3
Day-02,195,suspicious transaction report (STR),可疑交易报告,反洗钱与客户尽调 AML/KYC,,96,2026-10-03 23:14,1,1,复习中,2,3
Day-02,196,tipping off,泄密（向当事人透露已被上报）,反洗钱与客户尽调 AML/KYC,英国法下的刑事犯罪,97,2026-10-03 23:15,3,0,复习中,1,2
Day-02,197,Defence Against Money Laundering (DAML),反洗钱抗辩 / 同意申请,反洗钱与客户尽调 AML/KYC,,98,2026-10-03 23:15,1,1,复习中,3,4
Day-02,198,Money Laundering Reporting Officer (MLRO),反洗钱报告官,反洗钱与客户尽调 AML/KYC,,99,2026-10-03 23:15,1,1,复习中,3,4
Day-02,199,Nominated Officer,指定报告官,反洗钱与客户尽调 AML/KYC,,100,2026-10-03 23:16,1,1,复习中,2,3
Day-02,1312,commercial invoice,商业发票,贸易融资与贸易洗钱,,1,2026-10-03 20:34,2,1,复习中,3,4
